time,ax (m/s^2),ay (m/s^2),az (m/s^2),aT (m/s^2)
0.007876,0.1109,-0.0242,0.5846,0.596
0.009053,0.1303,0.0133,0.4327,0.452
0.009711,0.1811,0.0430,0.1943,0.269
0.010308,0.1940,0.0561,-0.0681,0.213
0.011062,0.1488,0.0320,-0.2663,0.307
0.014396,0.0829,0.0215,-0.3831,0.393
0.036292,0.0328,0.0245,-0.3372,0.340
0.037730,-0.0233,0.0333,-0.2098,0.214
0.038359,-0.0940,0.0419,-0.0176,0.104
0.047313,-0.1591,0.0586,0.1489,0.226
0.057481,-0.1809,0.0519,0.2645,0.325
0.061158,-0.1372,0.0099,0.3206,0.349
0.081064,-0.0624,-0.0099,0.3003,0.307
0.081959,-0.0187,-0.0165,0.2467,0.248
0.090156,-0.0286,-0.0116,0.2027,0.205
0.093654,-0.0682,0.0079,0.1608,0.175
0.103004,-0.0921,0.0304,0.1739,0.199
0.109331,-0.0590,0.0371,0.2107,0.222
0.119109,-0.0335,0.0300,0.2689,0.273
0.130856,-0.0074,0.0110,0.2937,0.294
0.133228,0.0045,0.0252,0.2299,0.231
0.141674,-0.0430,0.0443,0.2141,0.223
0.149360,-0.1047,0.0849,0.2008,0.242
0.162349,-0.1353,0.0991,0.1682,0.238
0.164824,-0.1251,0.0916,0.1358,0.206
0.175608,-0.1094,0.0792,0.1656,0.214
0.181189,-0.0523,0.0382,0.1860,0.197
0.189067,-0.0034,0.0185,0.2233,0.224
0.197272,-0.0151,0.0031,0.2704,0.271
0.216068,-0.0062,0.0036,0.2795,0.280
0.218730,-0.0110,0.0127,0.2121,0.213
0.221295,0.0276,0.0141,0.1593,0.162
0.249929,-0.0011,0.0180,0.1663,0.167
0.252670,-0.0285,0.0124,0.1755,0.178
0.255023,-0.0280,0.0165,0.1942,0.197
0.259021,0.0031,0.0207,0.2153,0.216
0.260906,0.0294,0.0128,0.2052,0.208
0.277411,0.0440,0.0072,0.1760,0.182
0.279264,0.0184,0.0039,0.1684,0.169
0.286933,-0.0162,0.0148,0.2160,0.217
0.299094,-0.0369,0.0278,0.2061,0.211
0.300908,-0.0289,0.0214,0.1771,0.181
0.310130,-0.0209,0.0343,0.1577,0.163
0.316737,0.0156,0.0282,0.1334,0.137
0.340695,0.0113,0.0225,0.0971,0.100
0.342809,-0.0076,0.0149,0.1038,0.105
0.345012,-0.0313,0.0152,0.1534,0.157
0.367982,-0.0481,0.0156,0.1743,0.182
0.370291,-0.0340,0.0115,0.2287,0.231
0.372124,-0.0151,0.0285,0.2640,0.266
0.373977,-0.0155,0.0403,0.2394,0.243
0.380064,0.0010,0.0466,0.1743,0.180
0.388944,-0.0088,0.0432,0.1116,0.120
0.396268,-0.0400,0.0489,0.1328,0.147
0.406625,-0.0430,0.0402,0.1036,0.119
0.412141,-0.0062,0.0534,0.0743,0.092
0.428723,0.0110,0.0457,0.0736,0.087
0.431272,0.0012,0.0462,0.0703,0.084
0.436112,-0.0062,0.0523,0.0741,0.091
0.453633,-0.0560,0.0425,0.0970,0.120
0.455676,-0.0622,0.0452,0.1582,0.176
0.459919,-0.0633,0.0458,0.2193,0.233
0.468014,-0.0212,0.0512,0.2255,0.232
0.476802,0.0282,0.0444,0.2316,0.238
0.483604,0.0534,0.0447,0.2282,0.239
0.491493,0.0380,0.0303,0.2799,0.284
0.499497,0.0514,0.0110,0.2909,0.296
0.510366,0.0295,-0.0115,0.3141,0.316
0.515287,-0.0226,-0.0247,0.2991,0.301
0.529327,-0.0424,-0.0318,0.2197,0.226
0.531523,-0.0476,-0.0153,0.0853,0.099
0.539793,-0.0668,0.0371,-0.0228,0.080
0.547284,-0.0859,0.0903,-0.0734,0.145
0.555417,-0.1241,0.1255,-0.1123,0.209
0.563138,-0.1025,0.1233,-0.0961,0.187
0.572284,-0.0427,0.1174,-0.0347,0.130
0.579198,-0.0264,0.1051,0.0218,0.111
0.587692,-0.0370,0.0815,0.0926,0.129
0.595250,-0.0578,0.0869,0.1297,0.166
0.603058,-0.0747,0.0925,0.1452,0.188
0.610899,-0.0426,0.0866,0.1773,0.202
0.619146,-0.0067,0.0431,0.2523,0.256
0.628625,0.0022,0.0047,0.3129,0.313
0.634963,-0.0104,-0.0454,0.4021,0.405
0.648799,-0.0226,-0.0911,0.4628,0.472
0.650651,0.0014,-0.1136,0.5139,0.526
0.658689,-0.0072,-0.1037,0.5079,0.518
0.666741,0.0117,-0.0762,0.4327,0.440
0.675004,0.0222,-0.0358,0.2980,0.301
0.682810,0.0126,-0.0087,0.1827,0.183
0.691268,-0.0125,0.0368,0.0891,0.097
0.698835,-0.0320,0.0435,-0.0019,0.054
0.712846,-0.0225,0.0551,-0.0426,0.073
0.715689,-0.0420,0.0196,-0.0404,0.061
0.740185,-0.0435,0.0402,-0.0288,0.066
0.742698,-0.0462,0.0357,0.0424,0.072
0.744041,-0.0220,0.0440,0.1086,0.119
0.747248,-0.0014,0.0455,0.1027,0.112
0.755264,-0.0080,0.0445,0.0873,0.098
0.762397,0.0044,0.0147,0.0838,0.085
0.774414,0.0364,-0.0151,0.1234,0.130
0.778304,0.0311,-0.0429,0.1680,0.176
0.787653,0.0242,-0.0520,0.2343,0.241
0.794354,0.0014,-0.0378,0.2695,0.272
0.802000,-0.0448,-0.0171,0.3145,0.318
0.816106,-0.0352,-0.0161,0.3213,0.324
0.819265,-0.0108,0.0034,0.3570,0.357
0.842004,-0.0059,0.0129,0.3328,0.333
0.845890,-0.0128,0.0245,0.2943,0.296
0.847631,-0.0385,0.0172,0.2941,0.297
0.851031,-0.0474,0.0268,0.2795,0.285
0.858430,-0.0518,0.0198,0.2912,0.296
0.866488,-0.0449,0.0225,0.3364,0.340
0.874217,-0.0287,0.0323,0.3097,0.313
0.882653,-0.0195,0.0177,0.2639,0.265
0.890493,-0.0074,0.0118,0.2351,0.235
0.899718,-0.0020,0.0100,0.2063,0.207
0.906072,0.0040,0.0294,0.1897,0.192
0.914005,-0.0042,0.0339,0.1276,0.132
0.922548,-0.0361,0.0259,0.1158,0.124
0.933322,-0.0227,0.0443,0.1160,0.126
0.963386,-0.0236,0.0223,0.1210,0.125
0.966236,-0.0181,0.0053,0.1043,0.106
0.967968,-0.0013,-0.0040,0.0804,0.080
0.970251,0.0035,-0.0175,0.0899,0.092
0.971704,0.0013,-0.0235,0.1185,0.121
0.977562,0.0110,-0.0267,0.1542,0.157
0.985380,0.0064,-0.0421,0.2379,0.242
0.993769,0.0186,-0.0457,0.2737,0.278
1.001443,0.0280,-0.0450,0.2784,0.283
1.017261,0.0160,-0.0350,0.2568,0.260
1.019711,-0.0175,-0.0180,0.2592,0.260
1.040219,-0.0316,-0.0249,0.2759,0.279
1.042968,-0.0843,-0.0223,0.3118,0.324
1.044557,-0.0915,-0.0008,0.3070,0.320
1.049155,-0.0901,0.0085,0.2615,0.277
1.057702,-0.0629,0.0296,0.2063,0.218
1.064872,-0.0359,0.0434,0.1176,0.130
1.073655,-0.0119,0.0502,0.0959,0.109
1.081070,-0.0285,0.0643,0.0862,0.111
1.090175,-0.0497,0.0715,0.0956,0.129
1.096613,-0.0418,0.0689,0.0978,0.127
1.104601,-0.0333,0.0759,0.1026,0.132
1.112798,-0.0243,0.0757,0.1289,0.151
1.120621,-0.0150,0.0708,0.1600,0.176
1.129608,-0.0059,0.0611,0.2030,0.212
1.138328,-0.0043,0.0469,0.2221,0.227
1.150335,0.0205,0.0403,0.2339,0.238
1.152486,0.0328,0.0243,0.2145,0.218
1.160289,0.0210,0.0303,0.2141,0.217
1.168341,-0.0265,0.0385,0.2306,0.235
1.176084,-0.0332,0.0489,0.2567,0.263
1.184271,-0.0231,0.0444,0.2685,0.273
1.192207,-0.0224,0.0347,0.2540,0.257
1.200191,-0.0094,0.0460,0.1845,0.190
1.208216,-0.0108,0.0380,0.1390,0.144
1.216130,-0.0240,0.0254,0.1294,0.134
1.231289,-0.0277,0.0205,0.1580,0.162
1.233080,-0.0248,0.0090,0.2033,0.205
1.255216,-0.0176,0.0002,0.2173,0.218
1.257445,-0.0134,0.0130,0.2194,0.220
1.259037,-0.0094,0.0138,0.1975,0.198
1.263819,0.0041,0.0119,0.1876,0.188
1.273199,0.0227,0.0075,0.1921,0.194
1.279718,0.0252,0.0098,0.1727,0.175
1.287926,0.0044,-0.0075,0.1822,0.182
1.295925,-0.0039,0.0083,0.1751,0.175
1.303965,-0.0236,0.0146,0.1392,0.142
1.314806,-0.0525,0.0182,0.1273,0.139
1.320202,-0.0623,0.0147,0.1274,0.143
1.339931,-0.0487,0.0069,0.1203,0.130
1.342472,-0.0475,-0.0028,0.1393,0.147
1.343994,-0.0278,-0.0119,0.1391,0.142
1.351931,-0.0275,0.0008,0.1508,0.153
1.360601,-0.0201,0.0183,0.1626,0.165
1.368055,-0.0552,0.0189,0.1671,0.177
1.375864,-0.0659,0.0169,0.1598,0.174
1.383493,-0.0737,0.0098,0.1717,0.187
1.391816,-0.0741,0.0123,0.2100,0.223
1.399445,-0.0578,0.0123,0.2554,0.262
1.409706,-0.0446,0.0195,0.2242,0.229
1.415862,-0.0317,0.0192,0.1930,0.197
1.425561,-0.0286,0.0190,0.1426,0.147
1.431556,-0.0017,0.0144,0.1329,0.134
1.439931,-0.0082,0.0101,0.1446,0.145
1.452747,-0.0169,0.0083,0.2019,0.203
1.455987,-0.0018,0.0252,0.2353,0.237
1.479545,-0.0177,0.0272,0.2208,0.223
1.482228,-0.0042,0.0386,0.1825,0.187
1.483831,-0.0094,0.0303,0.1611,0.164
1.487391,-0.0024,0.0291,0.1444,0.147
1.494926,-0.0123,0.0259,0.1205,0.124
1.502868,-0.0390,0.0448,0.1134,0.128
1.514908,-0.0372,0.0573,0.1372,0.153
1.519359,-0.0095,0.0461,0.1801,0.186
1.532225,-0.0086,0.0397,0.1991,0.203
1.534620,-0.0173,0.0334,0.2348,0.238
1.542667,-0.0091,0.0411,0.2394,0.243
1.550455,0.0110,0.0293,0.2273,0.229
1.558695,0.0052,0.0410,0.2153,0.219
1.566719,-0.0147,0.0500,0.2296,0.235
1.575607,-0.0058,0.0442,0.1842,0.190
1.582769,0.0080,0.0384,0.1579,0.163
1.590647,0.0054,0.0281,0.1364,0.139
1.598448,-0.0090,0.0398,0.1436,0.149
1.606583,-0.0092,0.0419,0.1580,0.164
1.616228,-0.0241,0.0441,0.1891,0.196
1.622338,-0.0436,0.0368,0.2083,0.216
1.634943,-0.0509,0.0271,0.2418,0.249
1.638419,-0.0440,0.0003,0.2275,0.232
1.646280,-0.0204,-0.0052,0.1964,0.198
1.654312,-0.0303,-0.0038,0.1989,0.201
1.662129,-0.0356,0.0048,0.2157,0.219
1.670200,-0.0363,-0.0009,0.2205,0.223
1.678217,-0.0296,0.0053,0.2182,0.220
1.686195,-0.0181,-0.0006,0.2063,0.207
1.694385,-0.0018,-0.0016,0.1657,0.166
1.702301,0.0070,-0.0121,0.1513,0.152
1.710253,-0.0056,-0.0151,0.1538,0.155
1.718121,-0.0108,-0.0036,0.1466,0.147
1.734143,-0.0303,0.0055,0.1347,0.138
1.736075,-0.0376,0.0337,0.1036,0.115
1.757631,-0.0592,0.0377,0.0821,0.108
1.759879,-0.0592,0.0205,0.0798,0.101
1.761599,-0.0399,0.0275,0.1085,0.119
1.766108,-0.0451,0.0296,0.1301,0.141
1.773706,-0.0221,0.0295,0.1228,0.128
1.781898,0.0032,0.0225,0.1443,0.146
1.790729,0.0213,0.0064,0.1705,0.172
1.798042,0.0158,0.0169,0.2230,0.224
1.805893,0.0298,-0.0090,0.2612,0.263
1.820044,0.0253,-0.0138,0.2828,0.284
1.822815,0.0116,-0.0097,0.3021,0.302
1.851370,-0.0040,0.0149,0.2640,0.264
1.853626,-0.0194,0.0483,0.2046,0.211
1.855010,-0.0298,0.0766,0.1475,0.169
1.858013,-0.0402,0.0833,0.0953,0.133
1.864050,-0.0725,0.0688,0.0861,0.132
1.869322,-0.0714,0.0286,0.1080,0.133
1.877393,-0.0803,0.0227,0.1704,0.190
1.886506,-0.0778,-0.0065,0.2159,0.230
1.894627,-0.0522,-0.0046,0.2040,0.211
1.901040,-0.0340,0.0236,0.1968,0.201
1.910018,-0.0091,0.0207,0.1943,0.196
1.916982,0.0209,0.0346,0.2158,0.220
1.925107,0.0200,0.0314,0.2063,0.210
1.932948,0.0073,0.0137,0.1967,0.197
1.941130,0.0121,0.0078,0.2280,0.228
1.951059,0.0096,0.0066,0.2209,0.221
1.957007,0.0072,0.0221,0.2331,0.234
1.970841,-0.0169,0.0234,0.2164,0.218
1.973044,-0.0224,0.0418,0.1757,0.182
1.981325,-0.0401,0.0508,0.1661,0.178
1.988786,-0.0505,0.0406,0.1494,0.163
1.996734,-0.0680,0.0566,0.1590,0.182
2.004791,-0.0539,0.0699,0.1471,0.172
2.017160,-0.0539,0.0616,0.1185,0.144
2.020941,-0.0273,0.0649,0.0852,0.111
2.037295,-0.0008,0.0566,0.0805,0.098
2.038907,0.0349,0.0345,0.1045,0.115
2.047562,0.0510,0.0226,0.1164,0.129
2.052835,0.0331,-0.0006,0.1402,0.144
2.060967,0.0008,0.0099,0.1807,0.181
2.068760,-0.0076,0.0108,0.1901,0.191
2.078247,-0.0111,-0.0100,0.1708,0.171
2.084772,-0.0190,-0.0238,0.1802,0.183
2.092862,-0.0005,-0.0280,0.1993,0.201
2.100692,0.0200,-0.0157,0.2039,0.205
2.108743,-0.0027,-0.0082,0.1679,0.168
2.121106,-0.0180,0.0041,0.1630,0.164
2.125041,-0.0522,0.0144,0.1676,0.176
2.155873,-0.0532,0.0226,0.1651,0.175
2.157593,-0.0496,0.0142,0.1624,0.170
2.160212,-0.0533,0.0105,0.1646,0.173
2.161680,-0.0355,0.0331,0.2051,0.211
2.170394,-0.0295,0.0435,0.2001,0.207
2.172055,-0.0279,0.0630,0.1785,0.191
2.186512,-0.0597,0.0943,0.1257,0.168
2.188726,-0.0533,0.0802,0.1232,0.156
2.196892,-0.0611,0.0807,0.1590,0.189
2.203859,-0.0568,0.0647,0.1972,0.215
2.212297,-0.0547,0.0512,0.2689,0.279
2.221581,-0.0288,0.0207,0.2808,0.283
2.236314,0.0039,0.0114,0.2616,0.262
2.238620,0.0009,0.0093,0.2423,0.243
2.258005,-0.0119,-0.0024,0.2446,0.245
2.260293,-0.0149,0.0099,0.2302,0.231
2.262172,-0.0347,0.0152,0.2157,0.219
2.271266,-0.0282,0.0180,0.1725,0.176
2.275589,-0.0168,0.0305,0.1748,0.178
2.283384,-0.0027,0.0384,0.2034,0.207
2.291227,0.0115,0.0271,0.2416,0.243
2.299561,0.0164,0.0084,0.2536,0.254
2.307392,0.0115,0.0035,0.2105,0.211
2.318499,0.0018,0.0055,0.1483,0.148
2.323401,-0.0319,0.0053,0.1124,0.117
2.335181,-0.0463,-0.0089,0.1291,0.137
2.339460,-0.0869,-0.0107,0.1386,0.164
2.347279,-0.1009,-0.0170,0.1625,0.192
2.355174,-0.1077,-0.0065,0.1744,0.205
2.363095,-0.0999,-0.0011,0.1409,0.173
2.371051,-0.0756,0.0207,0.0834,0.114
2.379009,-0.0729,0.0471,0.0523,0.101
2.387117,-0.0588,0.0569,0.0307,0.087
2.395599,-0.0174,0.0718,0.0161,0.076
2.402795,0.0064,0.0727,0.0302,0.079
2.412591,0.0273,0.0669,0.0538,0.090
2.419299,0.0316,0.0543,0.1372,0.151
2.426969,0.0247,0.0629,0.2446,0.254
2.434818,0.0335,0.0275,0.3163,0.319
2.443063,0.0349,0.0198,0.3715,0.374
2.452988,0.0366,0.0108,0.4008,0.403
2.458779,0.0383,0.0007,0.4064,0.408
2.471659,0.0223,-0.0079,0.3882,0.389
2.474889,0.0092,0.0092,0.3750,0.375
2.482702,-0.0262,0.0193,0.3402,0.342
2.490743,-0.0317,0.0298,0.3028,0.306
2.499107,-0.0370,0.0505,0.2317,0.240
2.506639,-0.0394,0.0455,0.1747,0.185
2.520595,-0.0416,0.0557,0.1151,0.134
2.522812,-0.0451,0.0499,0.0864,0.109
2.548986,-0.0396,0.0641,0.0623,0.098
2.550821,-0.0512,0.0501,0.0214,0.075
2.552168,-0.0342,0.0556,-0.0171,0.068
2.554773,-0.0243,0.0424,-0.0174,0.052
2.562898,-0.0024,0.0391,0.0062,0.040
2.570528,0.0027,0.0336,0.0657,0.074
2.583588,0.0342,0.0041,0.1132,0.118
2.586546,0.0463,-0.0185,0.1680,0.175
2.594836,0.0344,-0.0531,0.2275,0.236
2.602619,0.0009,-0.0710,0.2703,0.279
2.610683,0.0058,-0.0846,0.3011,0.313
2.625524,-0.0203,-0.0697,0.3799,0.387
2.628969,-0.0204,-0.0649,0.4108,0.416
2.652564,-0.0088,-0.0323,0.3628,0.364
2.655396,-0.0020,0.0024,0.2742,0.274
2.657534,-0.0187,0.0415,0.2024,0.207
2.659243,-0.0306,0.0710,0.1425,0.162
2.667312,-0.0326,0.0910,0.1114,0.148
2.674340,-0.0298,0.0945,0.1018,0.142
2.682974,-0.0005,0.1079,0.0850,0.137
2.699566,-0.0378,0.0999,0.1162,0.158
2.701451,-0.0695,0.0922,0.1473,0.187
2.724112,-0.0671,0.0704,0.1832,0.207
2.725340,-0.0408,0.0344,0.2048,0.212
2.725934,-0.0196,0.0249,0.2383,0.240
2.744037,-0.0060,0.0226,0.2023,0.204
2.746312,0.0097,0.0130,0.1759,0.177
2.748011,-0.0104,0.0153,0.1902,0.191
2.753577,-0.0179,0.0270,0.1758,0.179
2.763997,-0.0151,0.0239,0.1472,0.150
2.769245,0.0074,0.0158,0.1115,0.113
2.777579,-0.0078,0.0124,0.1380,0.139
2.785138,-0.0277,0.0118,0.1334,0.137
2.793190,-0.0382,0.0162,0.1121,0.119
2.801136,-0.0633,0.0283,0.0858,0.110
2.809338,-0.0651,0.0237,0.0691,0.098
2.819510,-0.0533,0.0316,0.0522,0.081
2.825076,-0.0495,0.0210,0.0592,0.080
2.837115,-0.0313,0.0206,0.1211,0.127
2.841173,0.0105,0.0280,0.1806,0.183
2.849687,0.0526,0.0571,0.2281,0.241
2.857088,0.0780,0.0718,0.3019,0.320
2.865031,0.0773,0.0554,0.3422,0.355
2.873160,0.0889,0.0385,0.3827,0.395
2.881172,0.0888,0.0306,0.3944,0.405
2.889112,0.0625,0.0267,0.3800,0.386
2.897414,0.0550,0.0295,0.3440,0.350
2.904759,0.0352,0.0461,0.3200,0.325
2.912856,0.0198,0.0554,0.3104,0.316
2.921134,-0.0054,0.0477,0.2984,0.302
2.929675,-0.0284,0.0304,0.2888,0.292
2.939949,-0.0394,0.0295,0.2576,0.262
2.944821,-0.0432,0.0334,0.2361,0.242
2.958802,-0.0705,0.0397,0.2218,0.236
2.961100,-0.0736,0.0266,0.2146,0.228
2.968677,-0.0862,0.0469,0.1764,0.202
2.976571,-0.0725,0.0549,0.1239,0.154
2.984867,-0.0756,0.0724,0.0642,0.123
2.992619,-0.0361,0.0591,0.0259,0.074
3.000544,-0.0089,0.0417,0.0259,0.050
3.008642,0.0063,0.0151,0.0833,0.085
3.016621,0.0002,-0.0038,0.1262,0.126
3.024602,0.0109,-0.0203,0.1093,0.112
3.040768,-0.0114,-0.0272,0.1380,0.141
3.043231,-0.0408,-0.0387,0.1858,0.194
3.062666,-0.0554,-0.0362,0.1738,0.186
3.064928,-0.0624,-0.0317,0.1666,0.181
3.066974,-0.0643,-0.0159,0.1189,0.136
3.072244,-0.0588,-0.0268,0.0760,0.100
3.083332,-0.0437,-0.0210,0.0211,0.053
3.088294,-0.0453,-0.0269,0.0165,0.055
3.096539,-0.0472,0.0040,0.0238,0.053
3.103952,-0.0443,-0.0076,0.0908,0.101
3.111979,-0.0347,-0.0162,0.1673,0.172
3.123568,-0.0232,-0.0460,0.2126,0.219
3.128107,0.0045,-0.0634,0.2554,0.263
3.143598,-0.0133,-0.0353,0.2791,0.282
3.145271,-0.0100,0.0045,0.2693,0.269
3.153226,-0.0070,0.0412,0.2523,0.256
3.163665,0.0035,0.0391,0.2450,0.248
3.167578,-0.0284,0.0268,0.2593,0.262
3.175442,-0.0595,-0.0000,0.2785,0.285
3.183597,-0.0732,-0.0199,0.2810,0.291
3.191444,-0.0773,-0.0085,0.3003,0.310
3.200842,-0.1152,-0.0040,0.2908,0.313
3.212302,-0.1201,0.0248,0.2908,0.316
3.216117,-0.0970,0.0681,0.2380,0.266
3.223146,-0.0695,0.1084,0.1590,0.205
3.238370,-0.0396,0.1173,0.1087,0.165
3.239900,0.0027,0.1113,0.0944,0.146
3.247853,0.0361,0.0809,0.0922,0.128
3.256739,0.0626,0.0643,0.0781,0.119
3.267190,0.0651,0.0835,0.0544,0.119
3.271893,0.0675,0.0671,0.0187,0.097
3.279099,0.0697,0.0537,0.0261,0.092
3.287363,0.0429,0.0363,0.0740,0.093
3.295177,0.0234,0.0153,0.1314,0.134
3.303124,0.0181,0.0070,0.2126,0.213
3.311208,-0.0065,0.0108,0.2555,0.256
3.323151,-0.0169,0.0145,0.2840,0.285
3.327555,-0.0009,-0.0039,0.2791,0.279
3.340114,0.0035,-0.0108,0.2742,0.274
3.343247,0.0029,-0.0181,0.2598,0.260
3.351926,-0.0073,0.0078,0.2263,0.227
3.359054,-0.0345,0.0215,0.1689,0.174
3.367140,-0.0524,0.0661,0.1449,0.168
3.375354,-0.0565,0.0844,0.0635,0.120
3.383312,-0.0610,0.0933,0.0347,0.117
3.391127,-0.0559,0.0742,0.0585,0.110
3.400031,-0.0656,0.0602,0.0822,0.121
3.407235,-0.0469,0.0465,0.0891,0.111
3.420337,-0.0400,0.0547,0.1008,0.121
3.423550,-0.0229,0.0492,0.1364,0.147
3.431045,-0.0190,0.0294,0.1888,0.192
3.439244,-0.0332,0.0145,0.2269,0.230
3.447476,-0.0416,-0.0079,0.2507,0.254
3.460017,-0.0618,-0.0236,0.2842,0.292
3.465432,-0.0696,-0.0398,0.2747,0.286
3.481968,-0.0825,-0.0277,0.2365,0.252
3.483901,-0.0884,-0.0133,0.1839,0.204
3.486712,-0.0972,-0.0061,0.1504,0.179
3.494793,-0.0800,-0.0011,0.1265,0.150
3.503212,-0.0728,-0.0028,0.1264,0.146
3.510765,-0.0567,-0.0016,0.1550,0.165
3.524365,-0.0524,0.0095,0.1811,0.189
3.526935,-0.0497,0.0279,0.1857,0.194
3.545757,-0.0269,0.0436,0.1641,0.172
3.547838,-0.0152,0.0590,0.1474,0.159
3.555648,0.0114,0.0456,0.1355,0.143
3.558605,0.0145,0.0249,0.1692,0.172
3.568698,0.0202,0.0089,0.2172,0.218
3.574479,-0.0005,0.0168,0.2533,0.254
3.582639,-0.0166,0.0079,0.2654,0.266
3.590468,-0.0328,0.0326,0.2392,0.244
3.598892,-0.0518,0.0457,0.2153,0.226
3.607140,-0.0540,0.0688,0.2033,0.221
3.614570,-0.0372,0.0680,0.1842,0.200
3.629094,-0.0154,0.0767,0.1579,0.176
3.631514,-0.0031,0.0492,0.2034,0.209
3.653094,0.0070,0.0357,0.2442,0.247
3.655927,0.0124,0.0385,0.2396,0.243
3.657805,-0.0011,0.0409,0.2351,0.239
3.662293,-0.0334,0.0356,0.2426,0.247
3.669861,-0.0515,0.0253,0.2214,0.229
3.677861,-0.0584,0.0173,0.1714,0.182
3.686593,-0.0469,0.0168,0.1501,0.158
3.693782,-0.0434,0.0290,0.1190,0.130
3.702017,-0.0359,0.0369,0.1070,0.119
3.709899,-0.0071,0.0452,0.0853,0.097
3.717748,-0.0049,0.0444,0.0779,0.090
3.725775,0.0116,0.0390,0.1136,0.121
3.739804,-0.0007,0.0478,0.1278,0.136
3.741465,-0.0248,0.0273,0.1755,0.179
3.757873,-0.0390,0.0210,0.2497,0.254
3.759551,-0.0560,0.0024,0.2544,0.260
3.765572,-0.0419,0.0145,0.2184,0.223
3.773571,-0.0162,0.0192,0.1825,0.184
3.781610,0.0120,0.0285,0.1418,0.145
3.789445,0.0523,0.0401,0.1274,0.143
3.797288,0.0423,0.0803,0.1179,0.149
3.805558,0.0011,0.0846,0.1346,0.159
3.813347,-0.0261,0.0819,0.1945,0.213
3.828746,-0.0156,0.0314,0.2614,0.264
3.831066,-0.0105,-0.0210,0.3235,0.324
3.853324,-0.0203,-0.0804,0.3951,0.404
3.856105,-0.0115,-0.1231,0.4331,0.450
3.859777,0.0188,-0.1301,0.4185,0.439
3.861550,0.0494,-0.1089,0.3393,0.360
3.869016,0.0545,-0.0716,0.2123,0.231
3.877036,0.0199,-0.0156,0.0831,0.087
3.885249,-0.0139,0.0142,0.0090,0.022
3.893052,-0.0545,0.0418,-0.0579,0.090
3.902112,-0.0520,0.0600,-0.0961,0.125
3.909421,-0.0358,0.0666,-0.1080,0.132
3.919619,-0.0176,0.0661,-0.0889,0.112
3.925197,-0.0046,0.0609,-0.0722,0.095
3.933262,-0.0011,0.0682,-0.0124,0.069
3.940994,-0.0382,0.0571,0.0449,0.082
3.949078,-0.0466,0.0563,0.0973,0.122
3.961475,-0.0746,0.0420,0.2094,0.226
3.969047,-0.0953,0.0330,0.3263,0.342
3.980729,-0.0779,0.0167,0.3977,0.406
3.981838,-0.0579,-0.0027,0.4404,0.444
3.991137,-0.0254,0.0197,0.4163,0.418
3.996587,-0.0066,0.0434,0.3229,0.326
4.005002,-0.0300,0.0783,0.2632,0.276
4.012729,-0.0580,0.0958,0.2323,0.258
4.029073,-0.0667,0.1085,0.2254,0.259
4.030836,-0.0757,0.1044,0.1945,0.233
4.048051,-0.0662,0.0814,0.1875,0.215
4.050495,-0.0310,0.0662,0.1947,0.208
4.058914,0.0015,0.0417,0.1755,0.180
4.061222,0.0126,0.0439,0.1587,0.165
4.069752,0.0122,0.0297,0.1252,0.129
4.076604,0.0050,0.0494,0.0772,0.092
4.087318,-0.0091,0.0169,0.0747,0.077
4.092482,-0.0228,0.0136,0.0962,0.100
4.100436,-0.0312,0.0032,0.1535,0.157
4.108559,-0.0301,-0.0098,0.2061,0.209
4.116184,-0.0078,-0.0159,0.2037,0.204
4.129649,0.0146,-0.0247,0.1749,0.177
4.132865,-0.0042,-0.0361,0.1342,0.139
4.149984,-0.0113,-0.0428,0.1174,0.125
4.152098,-0.0381,-0.0490,0.1220,0.137
4.156865,-0.0556,-0.0236,0.1769,0.187
4.163838,-0.0856,0.0016,0.2293,0.245
4.172555,-0.0661,0.0193,0.2458,0.255
4.179690,-0.0469,0.0243,0.1834,0.191
4.188941,-0.0273,0.0359,0.1378,0.145
4.195749,-0.0190,0.0571,0.1162,0.131
4.203428,-0.0194,0.0663,0.1210,0.139
4.211480,-0.0024,0.0733,0.1354,0.154
4.220017,0.0096,0.0638,0.1330,0.148
4.232108,0.0145,0.0454,0.1593,0.166
4.238434,0.0049,0.0395,0.1926,0.197
4.243322,-0.0242,0.0414,0.2068,0.212
4.251224,-0.0417,0.0483,0.2137,0.223
4.259517,-0.0564,0.0413,0.2325,0.243
4.270262,-0.0519,0.0416,0.2609,0.269
4.281257,-0.0402,0.0322,0.2798,0.284
4.283422,-0.0162,0.0128,0.3059,0.307
4.303848,-0.0112,0.0047,0.3249,0.325
4.306368,-0.0086,0.0006,0.3057,0.306
4.307955,-0.0378,0.0008,0.2338,0.237
4.315006,-0.0652,0.0125,0.1763,0.188
4.323143,-0.0613,0.0218,0.1260,0.142
4.331289,-0.0857,0.0266,0.1212,0.151
4.343361,-0.0572,0.0003,0.0924,0.109
4.347302,-0.0621,0.0102,0.0804,0.102
4.363757,-0.0693,0.0203,0.0540,0.090
4.365503,-0.0955,0.0282,0.0228,0.102
4.373371,-0.1093,0.0268,0.0228,0.115
4.378969,-0.0874,0.0165,0.0657,0.111
4.387078,-0.0565,-0.0224,0.0775,0.098
4.394814,-0.0434,-0.0341,0.1202,0.132
4.403337,-0.0427,-0.0481,0.1748,0.186
4.410771,-0.0544,-0.0382,0.2199,0.230
4.420063,-0.0523,-0.0236,0.2505,0.257
4.426878,-0.0706,-0.0044,0.2404,0.251
4.435035,-0.0782,0.0291,0.1919,0.209
4.447342,-0.0705,0.0674,0.1529,0.181
4.451005,-0.0499,0.0964,0.1042,0.150
4.478754,-0.0248,0.1114,0.0889,0.145
4.481131,0.0174,0.1075,0.1096,0.155
4.482906,0.0344,0.0846,0.1686,0.192
4.484306,0.0484,0.0924,0.2159,0.240
4.491179,0.0642,0.0707,0.2585,0.276
4.499010,0.0648,0.0842,0.2870,0.306
4.507293,0.0571,0.1015,0.2941,0.316
4.514832,0.0212,0.0870,0.2749,0.289
4.522777,0.0072,0.0889,0.2080,0.226
4.530740,-0.0069,0.0836,0.1697,0.189
4.545656,-0.0234,0.0785,0.1602,0.180
4.548012,-0.0353,0.0809,0.1674,0.189
4.572041,-0.0141,0.0504,0.1937,0.201
4.574553,-0.0075,0.0392,0.2366,0.240
4.575787,0.0397,0.0236,0.2604,0.264
4.578122,0.0583,0.0149,0.2555,0.262
4.587017,0.0555,0.0106,0.2267,0.234
4.594487,0.0648,0.0082,0.1979,0.208
4.602680,0.0455,-0.0015,0.1812,0.187
4.610644,0.0288,0.0079,0.1405,0.144
4.618079,0.0029,-0.0040,0.1333,0.133
4.631129,-0.0106,-0.0159,0.1430,0.144
4.634912,-0.0096,-0.0247,0.1765,0.178
4.656842,-0.0276,-0.0308,0.1908,0.195
4.659128,-0.0288,-0.0247,0.1955,0.199
4.660665,-0.0306,-0.0254,0.2098,0.214
4.666335,-0.0186,-0.0088,0.2143,0.215
4.673798,-0.0381,0.0200,0.2164,0.221
4.681791,-0.0361,0.0128,0.2210,0.224
4.689699,-0.0339,0.0147,0.2280,0.231
4.697635,-0.0333,0.0206,0.2303,0.234
4.705500,-0.0273,0.0041,0.2112,0.213
4.713463,-0.0376,-0.0104,0.2041,0.208
4.721708,-0.0571,0.0106,0.1756,0.185
4.729355,-0.0699,0.0388,0.1542,0.174
4.744180,-0.0694,0.0645,0.0896,0.130
4.745731,-0.0598,0.0645,0.0657,0.110
4.753555,-0.0459,0.0435,0.0680,0.093
4.761534,-0.0325,0.0446,0.0654,0.086
4.769426,-0.0430,0.0293,0.0700,0.087
4.777556,-0.0406,0.0167,0.1225,0.130
4.785121,-0.0471,0.0279,0.1822,0.190
4.793176,-0.0077,0.0081,0.2228,0.223
4.800991,-0.0041,0.0121,0.2419,0.242
4.809319,-0.0008,0.0160,0.2298,0.230
4.817117,0.0116,0.0293,0.2489,0.251
4.828799,0.0025,0.0354,0.2751,0.277
4.833330,0.0053,0.0271,0.3014,0.303
4.849289,0.0198,0.0184,0.3181,0.319
4.850975,0.0295,-0.0000,0.3036,0.305
4.861361,0.0274,0.0077,0.2868,0.288
4.865036,0.0304,0.0079,0.2773,0.279
4.873165,0.0004,0.0151,0.2726,0.273
4.881112,-0.0219,0.0296,0.2463,0.249
4.890203,-0.0344,0.0415,0.2201,0.227
4.897201,-0.0417,0.0390,0.1939,0.202
4.906505,-0.0418,0.0318,0.1893,0.196
4.912914,-0.0203,0.0125,0.2158,0.217
4.922689,0.0224,-0.0140,0.2327,0.234
4.928989,0.0575,-0.0214,0.2616,0.269
4.937448,0.0798,-0.0241,0.2784,0.291
4.951376,0.0750,-0.0102,0.2330,0.245
4.954389,0.0437,0.0060,0.1923,0.197
4.975457,0.0175,0.0125,0.1828,0.184
4.977581,-0.0014,0.0167,0.1757,0.177
4.978958,-0.0205,0.0066,0.1806,0.182
4.984797,-0.0235,0.0087,0.1973,0.199
4.993798,-0.0146,0.0372,0.2069,0.211
5.002362,-0.0123,0.0560,0.2189,0.226
5.008550,-0.0338,0.0648,0.1830,0.197
5.016635,-0.0546,0.0618,0.1855,0.203
5.026018,-0.0868,0.0517,0.1785,0.205
5.032631,-0.1068,0.0465,0.1762,0.211
5.049046,-0.0914,0.0339,0.1500,0.179
5.051705,-0.0789,0.0546,0.1310,0.162
5.060572,-0.0622,0.0486,0.1263,0.149
5.086638,-0.0267,0.0615,0.1241,0.141
5.089249,-0.0181,0.0478,0.1433,0.152
5.090748,-0.0194,0.0344,0.1649,0.170
5.092139,0.0006,-0.0027,0.2128,0.213
5.096631,0.0066,-0.0229,0.2655,0.267
5.104077,0.0057,-0.0332,0.2751,0.277
5.111870,0.0030,-0.0529,0.2680,0.273
5.119903,-0.0015,-0.0295,0.2441,0.246
5.132969,-0.0105,-0.0181,0.2011,0.202
5.136188,-0.0123,-0.0066,0.1150,0.116
5.154881,-0.0257,-0.0334,0.1031,0.111
5.158826,-0.0078,-0.0361,0.1128,0.119
5.160765,0.0005,-0.0412,0.1153,0.122
5.167700,-0.0106,-0.0204,0.0939,0.097
5.177311,-0.0104,0.0096,0.0390,0.041
5.183875,-0.0154,0.0155,0.0151,0.027
5.192709,-0.0014,0.0044,0.0225,0.023
5.199638,-0.0211,-0.0113,0.0896,0.093
5.207869,-0.0094,-0.0198,0.1567,0.158
5.215699,-0.0124,-0.0235,0.2071,0.209
5.224891,-0.0251,-0.0175,0.2263,0.228
5.234126,-0.0357,-0.0161,0.2144,0.218
5.244731,-0.0203,-0.0094,0.2455,0.247
5.247624,-0.0126,-0.0048,0.2645,0.265
5.255466,-0.0053,0.0095,0.2955,0.296
5.267972,-0.0170,0.0405,0.2714,0.275
5.306365,-0.0211,0.0472,0.2426,0.248
5.308549,-0.0247,0.0727,0.1996,0.214
5.310166,-0.0349,0.0762,0.1853,0.203
5.311460,-0.0426,0.0937,0.1495,0.181
5.312882,-0.0453,0.1134,0.1066,0.162
5.314343,-0.0551,0.0973,0.0924,0.145
5.318837,-0.0554,0.0791,0.1260,0.159
5.326976,-0.0678,0.0804,0.1692,0.199
5.334919,-0.0759,0.0774,0.1884,0.217
5.347079,-0.0675,0.0768,0.1764,0.204
5.350916,-0.0663,0.0735,0.1453,0.176
5.364280,-0.0336,0.0678,0.1381,0.157
5.366797,-0.0053,0.0333,0.1382,0.142
5.375200,0.0208,0.0084,0.1431,0.145
5.382474,0.0160,-0.0091,0.1671,0.168
5.391363,-0.0029,0.0023,0.1504,0.150
5.398561,-0.0241,0.0092,0.1433,0.146
5.407856,-0.0264,0.0191,0.1073,0.112
5.414713,-0.0290,0.0125,0.1120,0.116
5.422650,-0.0268,0.0111,0.1239,0.127
5.430528,-0.0605,0.0147,0.1525,0.165
5.438528,-0.0605,0.0040,0.1524,0.164
5.448535,-0.0768,0.0146,0.1331,0.154
5.454537,-0.0710,-0.0062,0.1307,0.149
5.467210,-0.0769,-0.0077,0.1690,0.186
5.470517,-0.0802,-0.0140,0.2265,0.241
5.478530,-0.0647,0.0035,0.2480,0.256
5.486483,-0.0407,0.0110,0.2408,0.244
5.494415,-0.0296,0.0135,0.1977,0.200
5.502506,-0.0147,0.0279,0.1712,0.174
5.510462,-0.0045,0.0327,0.1447,0.148
5.518535,0.0130,0.0473,0.1326,0.141
5.527983,0.0045,0.0548,0.1373,0.148
5.534233,0.0042,0.0623,0.1660,0.177
5.549820,-0.0194,0.0674,0.1540,0.169
5.552744,-0.0539,0.0699,0.1301,0.157
5.571973,-0.0567,0.0724,0.1231,0.154
5.574681,-0.0263,0.0679,0.0825,0.110
5.576262,0.0009,0.0759,0.0776,0.109
5.582654,-0.0016,0.0774,0.1110,0.135
5.590834,-0.0169,0.0649,0.1419,0.157
5.598344,-0.0301,0.0526,0.1607,0.172
5.606722,-0.0462,0.0380,0.1724,0.182
5.614359,-0.0597,0.0208,0.1864,0.197
5.622092,-0.0464,0.0010,0.2077,0.213
5.637334,-0.0278,0.0002,0.2123,0.214
5.639391,-0.0013,0.0014,0.2290,0.229
5.658271,0.0207,0.0167,0.2385,0.240
5.660203,0.0215,0.0124,0.2457,0.247
5.662516,0.0103,0.0010,0.2457,0.246
5.669792,-0.0057,-0.0006,0.2528,0.253
5.677907,-0.0127,-0.0068,0.2360,0.236
5.686035,-0.0156,0.0016,0.2286,0.229
5.694863,-0.0359,0.0198,0.2380,0.241
5.701732,-0.0228,0.0357,0.2449,0.249
5.710613,-0.0355,0.0368,0.2400,0.245
5.718214,-0.0355,0.0375,0.2184,0.224
5.726401,-0.0421,0.0349,0.1825,0.191
5.733657,-0.0291,0.0272,0.1515,0.157
5.741764,-0.0468,0.0192,0.1589,0.167
5.750510,-0.0457,0.0378,0.1710,0.181
5.757780,-0.0307,0.0541,0.1615,0.173
5.769895,-0.0119,0.0443,0.1615,0.168
5.773676,-0.0010,0.0277,0.1686,0.171
5.795440,0.0024,0.0042,0.2067,0.207
5.797402,-0.0086,-0.0291,0.2521,0.254
5.798706,-0.0054,-0.0457,0.2592,0.263
5.805389,0.0075,-0.0433,0.2950,0.298
5.814200,0.0085,-0.0390,0.3069,0.310
5.821035,0.0311,-0.0110,0.3069,0.309
5.829086,0.0367,0.0021,0.2471,0.250
5.836736,0.0348,-0.0015,0.1944,0.198
5.853345,0.0164,-0.0001,0.1609,0.162
5.855294,-0.0186,-0.0152,0.1250,0.127
5.874887,-0.0507,-0.0226,0.1369,0.148
5.877041,-0.0777,-0.0224,0.1823,0.199
5.878323,-0.1115,-0.0100,0.2182,0.245
5.884776,-0.0972,0.0070,0.2325,0.252
5.893361,-0.0852,0.0233,0.2062,0.224
5.900890,-0.0729,0.0391,0.1584,0.179
5.911831,-0.0535,0.0661,0.1084,0.138
5.916702,-0.0271,0.0715,0.1205,0.143
5.924840,-0.0225,0.0577,0.1063,0.123
5.932298,-0.0067,0.0537,0.1519,0.161
5.940604,-0.0155,0.0553,0.1639,0.174
5.950270,-0.0414,0.0644,0.1949,0.209
5.956557,-0.0553,0.0523,0.1948,0.209
5.970568,-0.0470,0.0477,0.2019,0.213
5.972744,-0.0449,0.0293,0.2114,0.218
5.980343,-0.0394,0.0230,0.2472,0.251
5.988230,-0.0354,0.0193,0.2760,0.279
5.996607,-0.0499,0.0272,0.3048,0.310
6.004192,-0.0641,0.0201,0.3145,0.322
6.012617,-0.0621,0.0294,0.3099,0.317
6.020232,-0.0633,0.0285,0.2741,0.283
6.029179,-0.0583,0.0344,0.2048,0.216
6.036286,-0.0254,0.0257,0.1451,0.150
6.052127,0.0023,0.0387,0.0925,0.100
6.054287,0.0324,0.0135,0.0830,0.090
6.072612,0.0557,-0.0186,0.0926,0.110
6.074566,0.0675,-0.0171,0.0999,0.122
6.076336,0.0844,-0.0253,0.1287,0.156
6.084591,0.1132,-0.0501,0.1551,0.198
6.092162,0.1637,-0.0748,0.1816,0.256
6.100056,0.1206,-0.0611,0.1697,0.217
6.107771,0.0539,-0.0186,0.2057,0.213
6.115958,0.0160,0.0091,0.2274,0.228
6.124130,-0.0170,0.0124,0.2227,0.224
6.131702,-0.0428,0.0178,0.2613,0.265
6.139787,-0.0474,0.0038,0.2567,0.261
6.154522,-0.0786,0.0086,0.2330,0.246
6.157257,-0.0742,0.0324,0.2261,0.240
6.180263,-0.0797,0.0652,0.1880,0.214
6.182324,-0.0952,0.0888,0.1930,0.233
6.183746,-0.1041,0.1029,0.1190,0.189
6.188048,-0.0914,0.1031,0.0880,0.164
6.195832,-0.0998,0.1207,0.0689,0.171
6.203956,-0.0692,0.1031,0.1169,0.171
6.212098,-0.0454,0.1147,0.1073,0.164
6.219307,-0.0927,0.1098,0.1720,0.224
6.228080,-0.1038,0.0862,0.2630,0.296
6.235298,-0.0055,0.0743,0.3061,0.315
6.247131,0.0206,0.0405,0.2175,0.222
6.251586,-0.0726,0.0261,0.2056,0.220
6.259635,-0.0557,0.0190,0.2511,0.258
6.275637,0.0042,0.0094,0.2463,0.246
6.277665,-0.0025,0.0138,0.2607,0.261
6.283260,-0.0469,0.0200,0.2681,0.273
6.292154,-0.0331,0.0305,0.2444,0.249
6.300170,-0.0139,0.0263,0.2136,0.216
6.307005,0.0268,0.0075,0.2140,0.216
6.314735,0.0481,0.0101,0.1856,0.192
6.322674,0.0356,0.0177,0.1525,0.158
6.330743,0.0088,0.0111,0.1312,0.132
6.338507,0.0178,0.0144,0.1147,0.117
6.351828,0.0049,0.0323,0.0791,0.086
6.356810,-0.0202,0.0242,0.0936,0.099
6.369136,-0.0265,0.0380,0.0794,0.092
6.370592,-0.0447,0.0374,0.0819,0.100
6.378727,-0.0455,0.0391,0.1276,0.141
6.386249,-0.0248,0.0265,0.1229,0.128
6.395172,0.0098,0.0137,0.1207,0.122
6.402276,-0.0019,0.0133,0.1471,0.148
6.411767,-0.0313,0.0084,0.2117,0.214
6.418311,-0.0183,0.0085,0.2451,0.246
6.426484,-0.0321,-0.0176,0.2761,0.279
6.434406,-0.0344,-0.0200,0.2520,0.255
6.442461,-0.0129,-0.0203,0.2639,0.265
6.453057,0.0020,-0.0185,0.2782,0.279
6.458193,0.0199,-0.0095,0.2949,0.296
6.473736,0.0548,0.0135,0.2973,0.303
6.475739,0.0374,0.0052,0.3166,0.319
6.483204,0.0394,-0.0199,0.5034,0.505
6.489964,0.0902,-0.0769,0.8363,0.845
6.498997,0.1860,-0.1120,0.9250,0.950
6.506210,0.1459,-0.0921,0.4872,0.517
6.514179,0.1028,-0.0352,-0.1755,0.206
6.522223,0.1355,0.0811,-0.5867,0.608
6.530087,-0.2251,0.0518,-4.4456,4.452
6.538028,-0.6686,0.5712,-1.2394,1.520
6.547298,-0.5703,0.0500,0.9599,1.118
6.554040,0.1857,0.0100,1.2958,1.309
6.577514,0.5463,0.1012,1.1486,1.276
6.581218,0.3689,0.0556,1.3086,1.361
6.583725,0.3189,-0.0202,1.2943,1.333
6.586637,0.4312,-0.2244,0.8375,0.968
6.594654,-0.0098,-0.2875,0.0505,0.292
6.604689,-0.3257,-0.1215,-0.1880,0.395
6.609865,-0.4576,0.0595,-0.1105,0.474
6.617475,-0.3703,0.1644,-0.1911,0.448
6.625539,-0.2820,0.1910,-0.2262,0.409
